,quadrat,year,aream2,areakm2,near_palm,near_river,near_road,POINT_X,POINT_Y
0,147.0,2001.0,466199.99999589985,0.46619999999589984,21083.03125,14412.6875,3436.65625,525781.0176427186,9043422.40867
1,147.0,2002.0,586225.0080014891,0.5862250080014891,20623.71153846154,14825.01923076923,3113.8076923076924,525328.5967331538,9043592.63683
2,147.0,2003.0,265880.8799998607,0.2658808799998607,21085.85714285714,14810.32142857143,3562.8214285714284,526193.8345850714,9044140.5069625
3,147.0,2004.0,357299.9999975326,0.3572999999975326,21442.964285714286,13928.0,3844.714285714286,525886.0356592857,9042902.247405002
4,147.0,2005.0,516284.78400194837,0.5162847840019483,20965.963636363635,14512.672727272728,3308.6181818181817,525576.9372508727,9043362.931695275
5,147.0,2006.0,266930.2679998579,0.2669302679998579,5703.394736842105,14478.815789473685,3375.2894736842104,525784.7480576315,9043459.991123948
6,147.0,2007.0,91799.99999850086,0.09179999999850086,3982.6666666666665,14490.222222222223,3176.0,525195.7166666667,9043104.816666666
7,147.0,2008.0,118971.68399971879,0.11897168399971879,3733.3,14811.15,2914.85,525067.3499084,9043393.1946885
8,147.0,2009.0,299827.09200101875,0.29982709200101876,2908.641025641026,14452.820512820514,3385.051282051282,525986.760350641,9043591.601203078
9,147.0,2010.0,158705.29200010764,0.15870529200010763,3090.3529411764707,14046.35294117647,3853.705882352941,525900.002169353,9043042.44472647
10,147.0,2011.0,79026.95999965425,0.07902695999965426,1777.9375,14840.9375,3776.3125,526536.6413690625,9044365.425595624
11,147.0,2012.0,1465233.4439973368,1.4652334439973367,2833.322222222222,14416.31111111111,3554.5333333333333,525792.0049003332,9043416.249685336
12,147.0,2013.0,514396.6920017906,0.5143966920017906,2508.5238095238096,14134.79365079365,3941.4444444444443,526199.7716597777,9043332.4662773
13,147.0,2014.0,378669.7319969946,0.3786697319969946,2448.0,14443.830188679245,3634.5283018867926,525988.5201928302,9043569.758930756
14,147.0,2015.0,110561.75999916725,0.11056175999916724,264.82608695652175,13840.478260869566,3897.913043478261,525937.383385087,9042800.138664782
15,148.0,2001.0,152771.08799926544,0.15277108799926545,24747.76923076923,11475.307692307691,6786.615384615385,529358.4074601538,9042277.889463078
16,148.0,2002.0,207032.21999796116,0.20703221999796115,24694.066666666666,11766.0,6365.466666666666,529588.7635265333,9042851.196376665
17,148.0,2003.0,648763.248005106,0.648763248005106,25019.904761904763,11967.547619047618,6191.047619047619,530418.0639479047,9043768.402170952
18,148.0,2004.0,137999.99999821317,0.13799999999821316,24668.333333333332,12046.666666666666,6111.533333333334,529850.3420454001,9043440.362837335
19,148.0,2005.0,1199873.040001894,1.1998730400018942,24761.72,11941.82,6148.04,529971.516067,9043414.8132874
20,148.0,2006.0,495613.8600028712,0.4956138600028712,2176.3333333333335,11849.033333333333,6307.866666666667,529794.5562760334,9043118.347720332
21,148.0,2007.0,216899.99999840092,0.21689999999840093,2231.35,12236.5,6041.5,529288.7521082001,9043195.962736499
22,148.0,2008.0,880283.5919992718,0.8802835919992718,1649.3188405797102,11856.536231884058,6351.434782608696,529986.5702335507,9043264.567023622
23,148.0,2009.0,802850.0160057665,0.8028500160057664,1026.057142857143,12273.285714285714,5914.071428571428,529952.1421502429,9043786.495969573
24,148.0,2010.0,340026.95999899064,0.34002695999899063,922.15625,11771.40625,6456.1875,530331.804008875,9043425.014143124
25,148.0,2011.0,479800.16399737506,0.4798001639973751,983.0,11584.906976744185,6637.6511627906975,530603.6449711162,9043392.10556442
26,148.0,2012.0,1523902.2480016402,1.5239022480016402,961.4567901234568,12001.703703703704,6150.061728395061,530096.7081958024,9043560.874798395
27,148.0,2013.0,889474.9919987794,0.8894749919987793,839.0681818181819,12499.272727272728,5700.159090909091,529859.2688402955,9043993.04880148
28,148.0,2014.0,569698.6439942477,0.5696986439942476,848.0413223140496,12456.876033057852,5780.231404958678,529862.821308562,9043911.072799917
29,148.0,2015.0,225809.3279976746,0.2258093279976746,225.8,12361.966666666667,5893.833333333333,530030.0890976334,9043886.650264332
30,165.0,2001.0,240299.99999677995,0.24029999999677995,18672.548387096773,18306.58064516129,1210.2903225806451,525162.4682286129,9047692.571232904
31,165.0,2002.0,166246.07999980415,0.16624607999980415,18743.722222222223,18071.833333333332,1282.111111111111,525157.9162525,9047463.375913333
32,165.0,2003.0,356515.5049644301,0.35651550496443013,19341.85714285714,18055.95238095238,1153.0,525996.9806373572,9048051.695225239
33,165.0,2004.0,9900.000001019798,0.009900000001019798,19181.333333333332,18177.333333333332,1240.0,525823.0,9048040.0
34,165.0,2005.0,448342.1760007309,0.4483421760007309,18931.430555555555,18333.125,1005.2638888888889,525557.5016612918,9048065.18213889
35,165.0,2006.0,171761.89200014956,0.17176189200014955,6804.0526315789475,18501.894736842107,804.1052631578947,526026.236884079,9048623.392468948
36,165.0,2007.0,44100.00000097789,0.04410000000097789,3310.4,18118.4,1059.2,525209.4565434001,9047547.938062
37,165.0,2008.0,371009.19599825866,0.37100919599825866,942.0370370370371,17000.37037037037,1560.4074074074074,526562.2190623333,9047166.246325925
38,165.0,2009.0,212769.73199921226,0.21276973199921226,1530.9148936170213,17965.042553191488,1265.9148936170213,525873.3940738296,9047835.84066617
39,165.0,2010.0,162900.0000023155,0.1629000000023155,953.6666666666666,18539.61111111111,957.6111111111111,525213.4751875,9048079.800707778
40,165.0,2011.0,125099.99999957654,0.12509999999957655,549.1379310344828,17862.206896551725,897.4137931034483,525938.3000853448,9047754.415483104
41,165.0,2012.0,342627.7200010543,0.3426277200010543,484.1777777777778,17452.88888888889,1354.1333333333334,526264.7524161111,9047480.468098443
42,165.0,2013.0,271800.0000004296,0.2718000000004296,389.8787878787879,17809.878787878788,1236.030303030303,525901.2456217576,9047655.960251817
43,165.0,2014.0,114161.76000120118,0.11416176000120118,561.48,17774.92,1164.28,526028.7041486,9047713.55257
44,165.0,2015.0,223234.79999909212,0.22323479999909213,269.04347826086956,17689.739130434784,983.304347826087,526386.8880576086,9047887.557453478
45,166.0,2001.0,14734.799999105646,0.014734799999105645,25429.0,13994.25,4885.25,532119.25,9047115.0
46,166.0,2002.0,13813.860000070754,0.013813860000070753,21894.0,15175.0,2918.0,528054.25,9046061.25
47,166.0,2003.0,236041.72303697138,0.23604172303697138,23252.767441860466,15691.697674418605,3095.3023255813955,530091.4873860464,9047971.39411558
48,166.0,2004.0,33785.543999060865,0.03378554399906086,22859.571428571428,15251.714285714286,3241.0,529322.5357142857,9046932.0
49,166.0,2005.0,659700.0000025809,0.6597000000025809,22879.16,16157.28,2482.88,529833.67554524,9048351.6065988
50,166.0,2006.0,18900.000000312575,0.018900000000312576,3726.4285714285716,15837.57142857143,2800.5714285714284,529526.4693877143,9047777.44898
51,166.0,2007.0,8828.316000160718,0.008828316000160718,689.5,13847.0,4609.0,530722.642857,9046167.857145
52,166.0,2008.0,111888.72000042666,0.11188872000042667,2294.4814814814813,15272.222222222223,3463.4444444444443,530684.2163277037,9047782.078175925
53,166.0,2009.0,186565.06800176977,0.18656506800176978,2016.909090909091,16484.31818181818,2310.5,529765.3657833637,9048673.133442273
54,166.0,2010.0,57600.00000057102,0.057600000000571014,2105.190476190476,16063.857142857143,2826.2380952380954,530004.3095238095,9048339.65986381
55,166.0,2011.0,130499.99999693362,0.13049999999693362,635.3684210526316,15855.631578947368,2850.2631578947367,529727.3957358947,9047944.734536842
56,166.0,2012.0,297000.0000021653,0.2970000000021653,461.6279069767442,15331.279069767443,3341.6976744186045,529957.6078506511,9047459.738028605
57,166.0,2013.0,684071.0880004542,0.6840710880004542,419.95454545454544,15278.09090909091,3265.7272727272725,529954.357256,9047420.501615454
58,166.0,2014.0,528417.1680030472,0.5284171680030473,349.5673076923077,15817.221153846154,2767.9134615384614,529548.7248048558,9047775.388702692
59,166.0,2015.0,362192.1599993997,0.3621921599993997,439.8636363636364,16082.681818181818,2367.2272727272725,529265.0369515909,9047958.472504545
60,167.0,2001.0,16765.19999983614,0.01676519999983614,26348.0,12910.0,5854.0,532918.0,9046320.0
61,167.0,2002.0,0.0,0.0,0.0,0.0,0.0,0.0,0.0
62,167.0,2003.0,158400.00000077183,0.15840000000077184,28318.2,11830.4,7035.6,535049.5455026,9046327.679736
63,167.0,2004.0,1799.9999999685679,0.0017999999999685678,26387.0,13049.0,5841.0,532888.0,9046395.0
64,167.0,2005.0,132680.8799999396,0.1326808799999396,29951.21875,11350.4375,8120.09375,536708.924879,9046790.19091375
65,167.0,2006.0,37026.959998531966,0.037026959998531964,5376.0,10432.333333333334,9014.166666666666,537547.5416666666,9046281.583333334
66,167.0,2007.0,0.0,0.0,0.0,0.0,0.0,0.0,0.0
67,167.0,2008.0,42530.400000860674,0.042530400000860676,3610.5,12239.5,6919.0,535135.980769,9046935.576925
68,167.0,2009.0,292039.59600040567,0.2920395960004057,2657.6,13116.0,5638.4,533774.3326298001,9047050.968922
69,167.0,2010.0,32400.000000984874,0.03240000000098488,938.0,11846.0,7036.0,535048.0,9046395.0
70,167.0,2011.0,21599.999999724096,0.021599999999724097,1270.75,11733.75,7285.25,535341.25,9046349.25
71,167.0,2012.0,93599.999999071,0.09359999999907101,1320.6666666666667,13431.5,5620.833333333333,534348.2278795,9047721.033835
72,167.0,2013.0,4500.00000024098,0.00450000000024098,1395.0,14430.5,4670.5,533739.25,9048495.0
73,167.0,2014.0,288992.1600008328,0.28899216000083283,1710.0714285714287,12906.357142857143,6266.357142857143,534819.961511,9047461.977366429
74,167.0,2015.0,267773.0400020478,0.26777304000204777,1072.909090909091,13130.545454545454,6020.090909090909,534961.1224805454,9047846.962400908
75,183.0,2001.0,40499.99999977648,0.040499999999776486,17130.428571428572,23340.714285714286,2489.5714285714284,525143.3139717142,9053899.474097144
76,183.0,2002.0,32399.999999483116,0.03239999999948311,19033.777777777777,22361.555555555555,2837.222222222222,527108.6666666666,9053953.666666666
77,183.0,2003.0,7638.415036445588,0.007638415036445588,18565.428571428572,21673.85714285714,2117.4285714285716,526397.2857142857,9052703.57142857
78,183.0,2004.0,0.0,0.0,0.0,0.0,0.0,0.0,0.0
79,183.0,2005.0,84599.99999994936,0.08459999999994935,17392.444444444445,23225.555555555555,2934.3888888888887,525461.6838624445,9053972.870370556
80,183.0,2006.0,51680.8800024317,0.0516808800024317,9997.625,22250.25,2818.4375,526933.3448275625,9053716.239224374
81,183.0,2007.0,0.0,0.0,0.0,0.0,0.0,0.0,0.0
82,183.0,2008.0,23399.999999848078,0.023399999999848077,3784.0,22501.333333333332,3173.0,525920.5,9053436.666666666
83,183.0,2009.0,122953.92000152126,0.12295392000152125,2532.4814814814813,21866.88888888889,2638.259259259259,526317.746732037,9052926.919934815
84,183.0,2010.0,9900.000000020955,0.009900000000020955,2068.0,20052.0,932.0,527505.727273,9051574.09091
85,183.0,2011.0,65700.00000181783,0.06570000000181783,2010.5833333333333,22564.5,3122.75,526230.0486110833,9053674.627975835
86,183.0,2012.0,363461.7599980229,0.36346175999802294,2332.3611111111113,22496.38888888889,3005.9444444444443,526064.7613673334,9053499.826849166
87,183.0,2013.0,51299.99999936612,0.05129999999936612,2266.9166666666665,22377.833333333332,2948.25,526414.1383928334,9053557.2991075
88,183.0,2014.0,87299.99999930675,0.08729999999930675,2282.5454545454545,22266.909090909092,2981.4545454545455,526346.9703856363,9053406.298209999
89,183.0,2015.0,68399.99999942724,0.06839999999942724,438.625,22619.5,3100.375,526415.9918521249,9053847.8239275
90,184.0,2001.0,54000.00000008382,0.05400000000008382,20991.714285714286,20694.571428571428,953.5714285714286,528952.5238095714,9053083.809524287
91,184.0,2002.0,57600.000000057626,0.057600000000057626,21449.384615384617,21651.69230769231,1529.7692307692307,529601.5384615385,9054526.91716
92,184.0,2003.0,64004.35696449638,0.06400435696449638,21141.526315789473,21098.36842105263,1212.157894736842,529176.5,9053634.421052631
93,184.0,2004.0,0.0,0.0,0.0,0.0,0.0,0.0,0.0
94,184.0,2005.0,143099.99999901163,0.14309999999901163,20838.870967741936,21113.935483870966,1200.7096774193549,528847.2657721613,9053468.154176774
95,184.0,2006.0,150819.12000023655,0.15081912000023656,9481.310344827587,21608.51724137931,1708.8275862068965,528854.6985642414,9054025.795657242
96,184.0,2007.0,8100.000000048894,0.008100000000048894,6932.333333333333,20619.333333333332,265.3333333333333,531580.5,9054550.0
97,184.0,2008.0,49499.999999622814,0.04949999999962281,2447.266666666667,21520.866666666665,1571.4,529085.5857142668,9054056.828571333
98,184.0,2009.0,146688.85200034096,0.14668885200034096,2842.6875,20002.96875,739.9375,528742.5826478126,9052159.554976251
99,184.0,2010.0,262799.99999825726,0.26279999999825726,1942.3333333333333,20368.88888888889,694.4444444444445,531690.5,9054375.0
100,184.0,2011.0,3599.999999870779,0.003599999999870779,665.5,22287.0,1487.5,529258.0,9055005.0
101,184.0,2012.0,408937.50496145675,0.40893750496145675,1569.5,21350.375,1471.4583333333333,529666.6046573751,9054274.206587916
102,184.0,2013.0,680257.6919999726,0.6802576919999725,1589.7954545454545,20992.727272727272,1104.0227272727273,530602.1101054773,9054400.92300909
103,184.0,2014.0,756911.1479970546,0.7569111479970546,1589.974358974359,20940.46153846154,1018.8974358974359,530988.0876982565,9054604.496798974
104,184.0,2015.0,528357.2280009127,0.5283572280009127,272.42857142857144,21592.928571428572,1066.357142857143,530492.2857142857,9055095.714285715
105,202.0,2001.0,0.0,0.0,0.0,0.0,0.0,0.0,0.0
106,202.0,2002.0,17999.999999465654,0.017999999999465655,17819.571428571428,25695.14285714286,3460.285714285714,526195.0,9058408.285714285
107,202.0,2003.0,19800.000000085565,0.019800000000085565,18399.0,24273.0,3784.0,526822.1666665,9058280.833335001
108,202.0,2004.0,0.0,0.0,0.0,0.0,0.0,0.0,0.0
109,202.0,2005.0,31326.959999493192,0.03132695999949319,17250.363636363636,24968.090909090908,2960.7272727272725,525679.6083916363,9058772.232767273
110,202.0,2006.0,7199.999999678694,0.0071999999996786935,15540.4,24992.8,3916.2,525421.0,9059004.0
111,202.0,2007.0,1800.000000190339,0.001800000000190339,0.0,25509.0,4730.0,527713.0,9060420.0
112,202.0,2008.0,139499.99999913212,0.13949999999913212,1134.3333333333333,25758.666666666668,3624.5,526546.076564,9058612.43931
113,202.0,2009.0,9726.9600005541,0.0097269600005541,799.7142857142857,25131.571428571428,3786.8571428571427,526288.0,9059603.57142857
114,202.0,2010.0,11700.000000251457,0.011700000000251457,210.5,25271.25,4928.75,526891.0,9060007.5
115,202.0,2011.0,2699.999999870779,0.002699999999870779,47.5,25048.0,4939.5,527113.0,9060517.5
116,202.0,2012.0,14399.99999870779,0.01439999999870779,1979.0,25038.0,2609.5,524290.0,9057568.5
117,202.0,2013.0,7073.039999598721,0.007073039999598721,2411.0,24172.5,1989.5,523430.5,9058162.5
118,202.0,2014.0,3599.999999727588,0.003599999999727588,2526.6666666666665,24823.0,1974.3333333333333,523438.0,9057335.0
119,202.0,2015.0,899.9999998393469,0.0008999999998393469,1172.0,26104.0,4431.0,525883.0,9057525.0
120,203.0,2001.0,30599.999998803833,0.030599999998803834,21034.777777777777,25245.11111111111,2546.6666666666665,529483.8333333334,9058672.166666666
121,203.0,2002.0,26099.999999525025,0.026099999999525024,20813.636363636364,24775.636363636364,1924.5454545454545,529167.7272727273,9057927.090909092
122,203.0,2003.0,27899.999998840503,0.027899999998840505,20480.4,24789.6,1958.2,528824.8461538,9057736.615384001
123,203.0,2004.0,18900.0000007404,0.0189000000007404,21925.14285714286,24077.85714285714,1339.5714285714287,530258.7142857143,9057797.142857144
124,203.0,2005.0,288173.04000084207,0.2881730400008421,20682.159090909092,24774.204545454544,2013.0227272727273,529042.6016114545,9057854.8643425
125,203.0,2006.0,102599.99999707507,0.10259999999707506,13576.64,24684.88,2107.28,530287.6581817999,9058527.7472728
126,203.0,2007.0,5400.000000569271,0.005400000000569271,3692.75,23988.5,1284.5,529460.5,9057165.0
127,203.0,2008.0,279000.0000024447,0.27900000000244474,494.04347826086956,24495.543478260868,2115.3478260869565,530316.9497628261,9058426.163623258
128,203.0,2009.0,413607.8400020441,0.4136078400020441,225.53225806451613,24342.483870967742,1978.032258064516,530434.513122113,9058323.017583711
129,203.0,2010.0,91314.45600052527,0.09131445600052528,313.04347826086956,24539.565217391304,2495.5652173913045,530050.6739130435,9058816.717391305
130,203.0,2011.0,205626.959999233,0.205626959999233,276.3333333333333,24050.875,1786.6666666666667,530922.8001893751,9058171.547348334
131,203.0,2012.0,815305.1350309257,0.8153051350309257,311.7647058823529,23694.843137254902,1541.3333333333333,530888.4795503725,9057772.925771372
132,203.0,2013.0,252292.7880027338,0.2522927880027338,350.5,23645.029411764706,1643.3529411764705,531553.7114050587,9058080.032986764
133,203.0,2014.0,165542.7720006315,0.1655427720006315,236.75,23770.35,1707.125,531366.467083825,9058164.83568275
134,203.0,2015.0,378993.2519979323,0.3789932519979323,247.7560975609756,23284.48780487805,923.4634146341464,530823.0759819268,9057264.299374392
135,204.0,2001.0,0.0,0.0,0.0,0.0,0.0,0.0,0.0
136,204.0,2002.0,0.0,0.0,0.0,0.0,0.0,0.0,0.0
137,204.0,2003.0,0.0,0.0,0.0,0.0,0.0,0.0,0.0
138,204.0,2004.0,0.0,0.0,0.0,0.0,0.0,0.0,0.0
139,204.0,2005.0,900.0000001187436,0.0009000000001187436,27600.0,21696.0,3292.0,536143.0,9060735.0
140,204.0,2006.0,6300.000000293367,0.006300000000293367,15069.0,22126.666666666668,2627.3333333333335,535315.0,9059789.0
141,204.0,2007.0,0.0,0.0,0.0,0.0,0.0,0.0,0.0
142,204.0,2008.0,2699.9999995704275,0.0026999999995704275,1212.6666666666667,22332.333333333332,1704.3333333333333,533953.0,9058525.0
143,204.0,2009.0,15865.2000014611,0.0158652000014611,0.0,22648.0,1099.25,532936.75,9057708.75
144,204.0,2010.0,13500.000000031432,0.013500000000031431,4533.0,21741.0,925.0,537749.0,9058757.0
145,204.0,2011.0,3830.26799979418,0.0038302679997941802,2745.6666666666665,21555.0,1297.3333333333333,535053.0,9058380.0
146,204.0,2012.0,110706.34096249964,0.11070634096249964,929.5,21426.0,51.583333333333336,533189.84593025,9056470.508720834
147,204.0,2013.0,362277.1080045294,0.3622771080045294,983.9545454545455,21488.727272727272,495.5,533754.629344909,9056949.390485454
148,204.0,2014.0,564300.0000012241,0.5643000000012242,1388.4285714285713,21768.47619047619,1030.1666666666667,534446.0827048334,9057804.825855715
149,204.0,2015.0,260849.5200019303,0.2608495200019303,1052.7307692307693,22233.923076923078,1571.8461538461538,534767.8934911154,9058549.02881077
150,221.0,2001.0,14780.87999985294,0.014780879999852939,19492.0,21914.0,1684.0,527791.0,9065400.0
151,221.0,2002.0,29699.999999776483,0.02969999999977648,18447.0,23640.333333333332,4001.3333333333335,526973.8333333334,9062275.833333334
152,221.0,2003.0,37626.95999963558,0.037626959999635584,17922.25,22574.5,2896.25,526407.7115385,9063195.5769225
153,221.0,2004.0,7200.000000363216,0.007200000000363216,17601.5,23421.0,3971.0,526144.4285715,9061804.285714999
154,221.0,2005.0,111461.76000071748,0.11146176000071747,18684.333333333332,23421.833333333332,3663.8888888888887,527182.0380117223,9062769.57163722
155,221.0,2006.0,18000.00000051863,0.01800000000051863,17038.285714285714,23193.0,3687.4285714285716,526292.2857142857,9062241.42857143
156,221.0,2007.0,899.9999998847488,0.0008999999998847489,0.0,24522.0,4836.0,527623.0,9061695.0
157,221.0,2008.0,0.0,0.0,0.0,0.0,0.0,0.0,0.0
158,221.0,2009.0,32571.683998923385,0.032571683998923386,1875.9333333333334,20661.8,1000.0666666666667,525046.5,9064593.444444666
159,221.0,2010.0,23953.920000852184,0.023953920000852183,1055.2857142857142,23605.85714285714,3799.8571428571427,527432.2857142857,9062766.42857143
160,221.0,2011.0,93980.88000162013,0.09398088000162012,957.3076923076923,23245.153846153848,3531.6923076923076,526952.6737012307,9062788.619505385
161,221.0,2012.0,332134.80000076833,0.33213480000076834,1068.48,22890.76,3180.04,526796.88709312,9063119.0723868
162,221.0,2013.0,90000.00000006985,0.09000000000006984,702.8333333333334,23636.5,3946.0,527081.6577734167,9062377.2117925
163,221.0,2014.0,23053.919999536858,0.02305391999953686,1287.857142857143,22737.0,3138.4285714285716,526675.1978022858,9063239.010988573
164,221.0,2015.0,114612.23999810105,0.11461223999810105,894.0,21663.5,1877.5,526728.37328075,9064637.486244999
165,222.0,2001.0,4119.120000021333,0.004119120000021333,21885.5,22421.5,3860.0,530287.0,9064042.5
166,222.0,2002.0,62953.91999978376,0.06295391999978375,22069.454545454544,24178.454545454544,5078.727272727273,530570.0675324545,9062876.922078181
167,222.0,2003.0,135173.0400010175,0.1351730400010175,21403.894736842107,24531.157894736843,4779.105263157895,529934.9035201579,9062413.400546843
168,222.0,2004.0,137699.9999997852,0.13769999999978522,21667.066666666666,24309.333333333332,4904.866666666667,530184.3693374,9062972.672582665
169,222.0,2005.0,584238.2399994851,0.5842382399994851,21656.608695652172,23951.804347826088,4522.5,530159.5295588261,9063198.053481523
170,222.0,2006.0,77399.99999961583,0.07739999999961583,17937.95,23694.35,5063.75,531351.9201187,9062971.4179915
171,222.0,2007.0,32400.000001012813,0.03240000000101281,2052.0,24221.5,4087.0,528856.0882355,9063253.67647
172,222.0,2008.0,123299.99999910593,0.12329999999910593,2045.8125,24359.625,4860.1875,530820.157762125,9062184.517136876
173,222.0,2009.0,243900.0000011106,0.2439000000011106,1912.8181818181818,23771.666666666668,4565.515151515152,530565.2202652424,9063308.046249393
174,222.0,2010.0,423831.623999445,0.423831623999445,1771.5714285714287,24345.119047619046,4276.690476190476,529384.822121119,9062818.23790857
175,222.0,2011.0,473919.1200021517,0.4739191200021517,1552.5,24366.541666666668,4801.25,530089.1758417917,9062792.37101625
176,222.0,2012.0,598279.6560032044,0.5982796560032044,1401.811320754717,23844.32075471698,3960.6415094339623,529529.9824871321,9063620.046351131
177,222.0,2013.0,198669.6000014794,0.1986696000014794,1435.64,23831.24,4542.76,530053.7768254,9063131.0628572
178,222.0,2014.0,183046.07999988514,0.18304607999988515,1252.5454545454545,23857.227272727272,4408.363636363636,530048.1181055909,9063317.632433636
179,222.0,2015.0,158987.76000080755,0.15898776000080755,147.6,24344.4,4191.6,529017.2804428,9063177.243542
180,223.0,2001.0,30600.00000093598,0.03060000000093598,25917.0,21055.0,4963.0,534391.0,9063621.0
181,223.0,2002.0,13546.080000345462,0.013546080000345462,25536.8,21805.8,4971.6,534043.4285714,9062928.428572
182,223.0,2003.0,30600.00000012573,0.030600000000125728,25401.25,21559.25,5040.0,533941.75,9063405.0
183,223.0,2004.0,27253.920000249153,0.027253920000249152,26095.166666666668,21275.833333333332,4219.333333333333,534589.0119048334,9063120.47619
184,223.0,2005.0,117126.95999963119,0.11712695999963119,27555.9,20178.933333333334,3453.8,536050.8491228,9063070.535087667
185,223.0,2006.0,75853.91999925804,0.07585391999925804,19305.222222222223,19703.222222222223,3770.0,535916.0602240557,9063930.364145555
186,223.0,2007.0,0.0,0.0,0.0,0.0,0.0,0.0,0.0
187,223.0,2008.0,0.0,0.0,0.0,0.0,0.0,0.0,0.0
188,223.0,2009.0,11699.99999852269,0.011699999998522689,4294.8,21125.8,3590.8,535624.4285714,9062127.857142
189,223.0,2010.0,8099.999999835854,0.008099999999835855,3563.0,19987.8,3491.6,535828.0,9063639.0
190,223.0,2011.0,7442.772000136373,0.007442772000136373,4380.0,20788.0,3341.5,536083.0,9062106.25
191,223.0,2012.0,144000.0000007142,0.1440000000007142,2565.8928571428573,20858.5,4551.392857142857,534659.9017857143,9063640.94642857
192,223.0,2013.0,272030.40000218066,0.27203040000218065,935.6785714285714,21378.571428571428,4509.107142857143,534664.2991385,9062786.728985358
193,223.0,2014.0,117000.0000021339,0.1170000000021339,352.88235294117646,21820.29411764706,4867.588235294118,534294.1224666176,9062555.39421647
194,223.0,2015.0,140758.32000104655,0.14075832000104654,196.41176470588235,20249.529411764706,3934.529411764706,535599.5485026471,9063464.340647647
195,242.0,2001.0,6207.839999743737,0.006207839999743737,22761.25,21093.75,616.75,530401.75,9068306.25
196,242.0,2002.0,8999.999999909196,0.008999999999909195,20808.333333333332,21365.333333333332,1138.6666666666667,528647.2857143333,9067187.142856667
197,242.0,2003.0,900.000000083819,0.000900000000083819,22142.0,22058.0,600.0,529933.0,9067635.0
198,242.0,2004.0,3599.999999793945,0.0035999999997939447,21811.5,21319.5,973.0,529430.5,9068152.5
199,242.0,2005.0,72761.7599983807,0.0727617599983807,23693.85714285714,19984.14285714286,1322.642857142857,530865.3418367143,9069898.239795715
200,242.0,2006.0,1799.999999923166,0.0017999999999231658,20202.5,21603.5,1134.0,528238.0,9066390.0
201,242.0,2007.0,0.0,0.0,0.0,0.0,0.0,0.0,0.0
202,242.0,2008.0,899.9999998288695,0.0008999999998288695,2292.0,21857.0,239.0,530023.0,9068025.0
203,242.0,2009.0,7153.920000574484,0.007153920000574484,4296.5,19344.75,1749.0,530761.75,9070301.25
204,242.0,2010.0,0.0,0.0,0.0,0.0,0.0,0.0,0.0
205,242.0,2011.0,8999.99999949534,0.008999999999495339,3601.0,21067.25,849.25,528388.0,9067346.25
206,242.0,2012.0,20885.544001316557,0.020885544001316557,1536.8,21109.8,660.2,529316.2,9067512.9
207,242.0,2013.0,0.0,0.0,0.0,0.0,0.0,0.0,0.0
208,242.0,2014.0,1800.0000003352761,0.001800000000335276,1460.0,21431.0,994.0,528043.0,9066420.0
209,242.0,2015.0,0.0,0.0,0.0,0.0,0.0,0.0,0.0
210,243.0,2001.0,14492.16000023182,0.014492160000231818,25614.0,19141.0,1064.0,532888.0,9070170.0
211,243.0,2002.0,12600.000000181608,0.012600000000181608,27312.2,17953.2,1078.0,535063.0,9068406.0
212,243.0,2003.0,184057.82399949437,0.18405782399949439,28185.11111111111,16785.38888888889,863.7777777777778,535582.7685185,9069997.592592778
213,243.0,2004.0,900.0000000174623,0.0009000000000174624,28451.0,16529.0,929.0,535723.0,9070335.0
214,243.0,2005.0,63252.69599898229,0.0632526959989823,27468.571428571428,17475.714285714286,804.5714285714286,534798.0178571428,9070060.25
215,243.0,2006.0,21853.91999988584,0.021853919999885837,26396.333333333332,14434.333333333334,609.0,537719.0526316667,9070890.350876667
216,243.0,2007.0,899.9999998498242,0.0008999999998498242,9057.0,18769.0,1627.0,534613.0,9067515.0
217,243.0,2008.0,10799.999999373103,0.010799999999373103,4965.0,17281.5,1762.5,534616.75,9070980.0
218,243.0,2009.0,24644.72399941836,0.024644723999418357,5299.631578947368,16456.842105263157,689.3684210526316,535875.8759398421,9070176.654135263
219,243.0,2010.0,8099.999999647262,0.008099999999647261,2870.0,18667.0,1658.0,534735.0,9067506.0
220,243.0,2011.0,56826.95999989577,0.056826959999895774,3645.875,16292.5,716.75,536242.7454545,9069731.43636375
221,243.0,2012.0,42299.999999219435,0.042299999999219434,3903.2,17893.15,1224.0,534694.9642857,9069351.5357145
222,243.0,2013.0,24299.999999785214,0.024299999999785212,2784.222222222222,18078.11111111111,1356.4444444444443,534913.5555555555,9068438.888888888
223,243.0,2014.0,42300.00000067055,0.04230000000067055,1710.0,18634.444444444445,1311.888888888889,534298.0,9068407.12963
224,243.0,2015.0,2700.0000001082662,0.0027000000001082664,3537.5,18643.0,1095.0,533855.5,9069375.0
225,244.0,2001.0,0.0,0.0,0.0,0.0,0.0,0.0,0.0
226,244.0,2002.0,1800.0000002025627,0.0018000000002025627,30813.0,14335.0,320.0,538228.0,9070170.0
227,244.0,2003.0,2699.9999998201383,0.0026999999998201384,32453.666666666668,12716.333333333334,198.0,539783.0,9070705.0
228,244.0,2004.0,0.0,0.0,0.0,0.0,0.0,0.0,0.0
229,244.0,2005.0,3600.0000000942964,0.0036000000000942964,31110.25,13962.25,238.75,538408.0,9070635.0
230,244.0,2006.0,19546.079999611247,0.01954607999961125,26522.285714285714,13764.42857142857,368.2857142857143,538519.4285714285,9070805.0
231,244.0,2007.0,1799.9999996786937,0.0017999999996786938,14569.5,13372.5,471.5,538888.0,9070995.0
232,244.0,2008.0,3600.0000004208414,0.003600000000420841,9786.0,11847.5,1247.0,541318.0,9069780.0
233,244.0,2009.0,57473.04000182157,0.057473040001821574,6949.0,13669.90909090909,680.2727272727273,539147.0606060909,9069844.01212091
234,244.0,2010.0,3599.9999997136183,0.0035999999997136183,7651.0,11814.0,1083.0,541258.0,9069937.5
235,244.0,2011.0,5273.040000291076,0.005273040000291076,1584.75,13062.25,879.5,539564.65,9070406.85
236,244.0,2012.0,9000.000000031432,0.009000000000031433,1817.5,13192.25,1118.75,539759.875,9069886.875
237,244.0,2013.0,27899.9999997922,0.0278999999997922,2755.733333333333,14361.933333333332,689.8,538466.7142857333,9069644.285714
238,244.0,2014.0,59400.0000003021,0.0594000000003021,2165.7,13839.2,849.1,539074.0,9069597.0
239,244.0,2015.0,45000.000000192085,0.04500000000019209,433.1111111111111,14584.222222222223,700.7777777777778,538244.0274791111,9069566.409796666
